{"ckpt": "/home/baskargroup/research/DeformingField/Comparison/human_00000_00062_test_00050/two_head_model.pth", "device_precompute": "cuda", "source_head": 0, "target_head": 1, "out_dim": 2, "k": 20, "grid_res": 64, "box_min": -1.0, "box_max": 1.0, "n_vox": 262144, "binary": "cache.bin", "cs": [0.07626143125928322, -0.057739635519033036, -0.037711129791759605, -0.0142079244835735, -0.03546488491411251, 0.01480592978515789, -0.030980521199610256, -0.012253505145549664, -0.016562370271318703, 0.013285132892620044, -0.0002792722711707895, -0.004617329137148119, 0.008245944513169874, -0.014946112341411136, 0.015657798409550394, 0.012720113906526297, -0.009571199261588018, 0.009556177951620545, 0.006845278358821664, -0.013632490870286604], "ct": [0.07656053280291658, -0.05950003218059116, -0.03323663084188373, 0.023243526158733815, -0.03258636018881356, 0.01819989213426227, -0.0315464620839144, -0.021793133981518414, -0.02340255908630007, 0.012723696647949997, -0.014398894416937709, 0.002750362294257551, 0.007419138473120822, -0.007796029971301974, 0.01725580832932436, 0.014686045246231572, 0.005887468456137898, 0.002373106989820968, -0.0056063245769973095, -0.009466160017050715], "bs": 0.012162639759480953, "bt": 0.01284344494342804, "expl_source_topk": 0.9459318424453601, "expl_target_topk": 0.9446216083896398, "top_eigenvalues": [9350391.498982908, 1484937.1482484571, 539092.7192033093, 437522.126861271, 208546.40200315134, 139050.01825999553, 121313.54810092946, 79515.7884436974, 70186.58138144952, 57269.79110855326, 51511.83419984145, 43709.401531685646, 36569.876505696295, 32438.708150184633, 25932.92028005268, 24875.11040577309, 23763.320158819242, 20350.93550676279, 18524.58439688405, 17014.966469754578]}