{"ckpt": "/home/baskargroup/research/DeformingField/Model_Trained/multi_head_model.pth", "device_precompute": "cuda", "source_head": 0, "target_head": 50, "out_dim": 55, "k": 20, "grid_res": 64, "box_min": -1.0, "box_max": 1.0, "n_vox": 262144, "binary": "cache.bin", "cs": [-0.094835825748885, -0.06170052386214779, 0.004208767366026954, 0.003637784829471049, 0.04325082539804921, 0.010886785594730596, -0.0075209418395633465, 0.0019552615718558615, 0.006541025969370401, -0.0009781311044404746, 0.01615619595815403, -0.002497816282549631, -0.002804222085998005, 0.0030203701978151493, -0.006038262570251244, 0.0022597735401238446, -0.008240726843723583, -0.00312768699399049, -0.0013302878477959663, 0.009222232684635788], "ct": [-0.09836492442356341, -0.056833956849935155, -0.031873721224739915, -0.006116086455505081, 0.04045105748619276, 0.014100260708665706, 0.004542455826994935, 0.0023721592869280295, 0.011686400218905853, 0.014305195443552327, 0.008204206316239773, -0.008034630896024138, 0.009495675158956574, 0.002831518886915304, -0.019119925869822196, 0.011118011540730045, -0.016802701784828823, -0.003967857936623739, 0.011276823495376426, 0.010945709163301164], "bs": 0.020252801477909088, "bt": 0.011661001481115818, "expl_source_topk": 0.8650376061715381, "expl_target_topk": 0.9058730238555193, "top_eigenvalues": [6205629.213205091, 989061.3704587049, 506156.6880139945, 366621.9596199175, 271449.86793335, 211713.36280179, 155732.44873076575, 137935.92138191234, 125311.37192871174, 115223.80881046744, 97226.88555563477, 91470.56842458589, 83141.3929166065, 80134.53555078102, 69954.24720768795, 60922.3345710128, 58110.5964440435, 48890.94794836137, 47706.835580640334, 43888.43232488109]}