{"ckpt": "/home/baskargroup/research/DeformingField/TrainINR/multihead_interps_earMMovement/multihead_interps.pth", "device_precompute": "cuda", "source_head": 0, "target_head": 1, "out_dim": 2, "k": 20, "grid_res": 64, "box_min": -1.0, "box_max": 1.0, "n_vox": 262144, "binary": "cache.bin", "cs": [-0.05913727583887441, 0.05887736505932899, -0.027106871368143486, 0.041321871257315956, -0.021641035167670533, 0.01764843752601505, -0.0174691784855396, 0.021957341753350942, -0.02956940221184619, -0.007244716167627667, -0.009380356362434407, 0.020002940034659144, 0.007183152921176342, -0.0037197033256592717, -0.008254253831644489, 0.014364059025697373, -0.004441933019731038, -0.014816242349784757, 0.00781715566528032, -0.004391326586831781], "ct": [-0.05887117950608438, 0.05884511424554625, -0.026560719746970052, 0.0380671224085604, -0.024843978482570958, -0.0138829588097261, -0.018896183200065052, 0.019228362012693075, -0.026205689503453318, -0.010934549288741302, -0.024330616930937736, 0.017447532545069127, 0.003242788773671829, -0.00406214188618975, -0.006986341734349387, 0.012048368458317275, -0.002983963194077308, -0.015443397869013496, 0.002075420959124689, -0.003296444720305442], "bs": 0.010176883079111576, "bt": 0.010476783849298954, "expl_source_topk": 0.9591708188829141, "expl_target_topk": 0.9571925118785183, "top_eigenvalues": [10549289.973820876, 1989410.3485941167, 528744.3788453791, 273494.7196397546, 148313.62238958315, 96838.97104972693, 81062.02998309866, 58819.35198411318, 46655.40781804824, 43100.9938761599, 33019.10889046769, 23803.20291512388, 21347.556025363698, 17911.39928496319, 15403.683876520141, 13638.246999782377, 11328.189408586517, 10309.951037316583, 9968.84252494336, 9161.29338075244]}